,Id,Store,DayOfWeek,Date,Customers,Open,Promo,StateHoliday,SchoolHoliday,Sales
0,879066,1,5,2015-07-31,555,1,1,0,1,5451.354
1,37135,2,5,2015-07-31,625,1,1,0,1,6042.8564
2,285919,3,5,2015-07-31,821,1,1,0,1,9074.742
3,744348,4,5,2015-07-31,1498,1,1,0,1,12190.811000000002
4,556250,5,5,2015-07-31,559,1,1,0,1,5396.6630000000005
5,702857,6,5,2015-07-31,589,1,1,0,1,5834.246999999999
6,648596,7,5,2015-07-31,1414,1,1,0,1,14865.631000000001
7,3915,8,5,2015-07-31,833,1,1,0,1,8041.1343
8,939798,9,5,2015-07-31,687,1,1,0,1,9188.232
9,460359,10,5,2015-07-31,681,1,1,0,1,7422.543000000001
10,52386,11,5,2015-07-31,1236,1,1,0,1,9947.065999999999
11,80864,12,5,2015-07-31,962,1,1,0,1,9426.158000000001
12,60534,13,5,2015-07-31,568,1,1,0,0,9436.314
13,860712,14,5,2015-07-31,710,1,1,0,1,7409.661999999999
14,677333,15,5,2015-07-31,766,1,1,0,1,9002.603000000001
15,1016282,16,5,2015-07-31,979,1,1,0,1,10119.88
16,91930,17,5,2015-07-31,946,1,1,0,1,8665.032
17,11003,18,5,2015-07-31,936,1,1,0,1,10447.138
18,635859,19,5,2015-07-31,718,1,1,0,1,9237.264000000001
19,427792,20,5,2015-07-31,974,1,1,0,0,10555.356000000002
20,174845,21,5,2015-07-31,682,1,1,0,1,9153.83
21,429798,22,5,2015-07-31,633,1,1,0,0,6808.556
22,686822,23,5,2015-07-31,560,1,1,0,1,7377.7017
23,191678,24,5,2015-07-31,1082,1,1,0,1,14809.153999999999
24,398480,25,5,2015-07-31,1586,1,1,0,1,12690.389
25,987753,26,5,2015-07-31,611,1,1,0,1,8338.949
26,1011557,27,5,2015-07-31,1263,1,1,0,1,13014.895
27,422663,28,5,2015-07-31,663,1,1,0,1,6872.6934
28,405989,29,5,2015-07-31,737,1,1,0,1,9784.088
29,185599,30,5,2015-07-31,625,1,1,0,1,4721.351
30,170978,31,5,2015-07-31,645,1,1,0,1,7592.4146
31,645402,32,5,2015-07-31,635,1,1,0,0,6550.816
32,257677,33,5,2015-07-31,915,1,1,0,1,10913.951000000001
33,217035,34,5,2015-07-31,1162,1,1,0,1,10970.452
34,878522,35,5,2015-07-31,777,1,1,0,1,12513.243
35,683545,36,5,2015-07-31,1251,1,1,0,0,12485.8125
36,718723,37,5,2015-07-31,888,1,1,0,1,9307.093
37,337610,38,5,2015-07-31,608,1,1,0,1,8018.831
38,874699,39,5,2015-07-31,929,1,1,0,1,8538.818000000001
39,378685,40,5,2015-07-31,678,1,1,0,1,5814.608
40,309197,41,5,2015-07-31,494,1,1,0,0,7599.464
41,231251,42,5,2015-07-31,1235,1,1,0,1,13541.806999999999
42,701881,43,5,2015-07-31,683,1,1,0,1,8773.291
43,123358,44,5,2015-07-31,665,1,1,0,1,6471.768
44,298862,45,5,2015-07-31,442,1,1,0,1,6593.3164
45,465184,46,5,2015-07-31,775,1,1,0,0,7339.639
46,998154,47,5,2015-07-31,1021,1,1,0,1,9543.707
47,321515,48,5,2015-07-31,390,1,1,0,1,4197.2036
48,831238,49,5,2015-07-31,666,1,1,0,1,10236.975
49,331595,50,5,2015-07-31,441,1,1,0,1,6250.9175
50,642322,51,5,2015-07-31,610,1,1,0,0,9837.058
51,190723,52,5,2015-07-31,527,1,1,0,0,9107.327
52,611837,53,5,2015-07-31,690,1,1,0,1,7349.8604
53,744397,54,5,2015-07-31,889,1,1,0,1,11612.742
54,437649,55,5,2015-07-31,673,1,1,0,1,6483.0312
55,186104,56,5,2015-07-31,619,1,1,0,1,9970.66
56,589867,57,5,2015-07-31,1025,1,1,0,1,12238.376
57,532624,58,5,2015-07-31,603,1,1,0,0,8859.235999999999
58,910098,59,5,2015-07-31,628,1,1,0,1,7269.196999999999
59,45135,60,5,2015-07-31,776,1,1,0,1,10290.394
60,649178,61,5,2015-07-31,665,1,1,0,1,6564.977
61,752315,62,5,2015-07-31,772,1,1,0,1,8062.5376
62,127563,63,5,2015-07-31,846,1,1,0,1,11072.311000000002
63,798838,64,5,2015-07-31,935,1,1,0,1,14189.317
64,837021,65,5,2015-07-31,561,1,1,0,1,7205.805
65,880045,66,5,2015-07-31,636,1,1,0,1,8654.443000000001
66,264710,67,5,2015-07-31,912,1,1,0,1,10475.164
67,116415,68,5,2015-07-31,1341,1,1,0,1,9986.764000000001
68,634702,69,5,2015-07-31,1371,1,1,0,1,12039.353000000001
69,450328,70,5,2015-07-31,741,1,1,0,1,8553.254
70,792466,71,5,2015-07-31,869,1,1,0,1,11737.018999999998
71,614237,72,5,2015-07-31,520,1,1,0,0,5694.1074
72,208161,73,5,2015-07-31,537,1,1,0,1,5898.399
73,863694,74,5,2015-07-31,929,1,1,0,1,7529.45
74,366634,75,5,2015-07-31,807,1,1,0,1,8881.793
75,896862,76,5,2015-07-31,1228,1,1,0,0,13414.788999999999
76,342531,77,5,2015-07-31,780,1,1,0,1,10707.206
77,620434,78,5,2015-07-31,610,1,1,0,1,5383.681
78,254534,79,5,2015-07-31,643,1,1,0,1,7243.512
79,329705,80,5,2015-07-31,675,1,1,0,1,9791.836
80,919220,81,5,2015-07-31,640,1,1,0,0,9009.362
81,945686,82,5,2015-07-31,1035,1,1,0,1,12812.931
82,917134,83,5,2015-07-31,327,1,1,0,1,4323.5015
83,291332,84,5,2015-07-31,1439,1,1,0,1,15565.12
84,193051,85,5,2015-07-31,971,1,1,0,1,8052.954000000001
85,696139,86,5,2015-07-31,678,1,1,0,1,6197.6226
86,770312,87,5,2015-07-31,715,1,1,0,1,6471.7
87,901382,88,5,2015-07-31,776,1,1,0,1,8862.71
88,762394,89,5,2015-07-31,716,1,1,0,0,8358.745
89,32719,90,5,2015-07-31,1295,1,1,0,1,11727.16
90,725842,91,5,2015-07-31,554,1,1,0,1,6243.594
91,1002574,92,5,2015-07-31,701,1,1,0,1,9704.329
92,898419,93,5,2015-07-31,715,1,1,0,1,8762.604
93,601226,94,5,2015-07-31,694,1,1,0,1,8919.221
94,291050,95,5,2015-07-31,920,1,1,0,1,9131.0625
95,608673,96,5,2015-07-31,612,1,1,0,1,6578.340999999999
96,344789,97,5,2015-07-31,802,1,1,0,1,9151.09
97,728690,98,5,2015-07-31,512,1,1,0,1,6981.99
98,553233,99,5,2015-07-31,507,1,1,0,0,6831.7275
99,842536,100,5,2015-07-31,764,1,1,0,0,10123.315999999999
100,501842,101,5,2015-07-31,915,1,1,0,1,10855.771999999999
101,530218,102,5,2015-07-31,1414,1,1,0,1,11359.028999999999
102,3900,103,5,2015-07-31,453,1,1,0,1,5823.35
103,66516,104,5,2015-07-31,1223,1,1,0,1,10688.616000000002
104,785023,105,5,2015-07-31,595,1,1,0,1,6222.1147
105,229534,106,5,2015-07-31,958,1,1,0,1,11203.961000000001
106,7972,107,5,2015-07-31,1021,1,1,0,1,8919.136
107,444040,108,5,2015-07-31,992,1,1,0,0,14812.798999999999
108,784118,109,5,2015-07-31,864,1,1,0,1,8626.811
109,186544,110,5,2015-07-31,745,1,1,0,1,6630.4053
110,356115,111,5,2015-07-31,698,1,1,0,1,9384.455
111,713972,112,5,2015-07-31,817,1,1,0,1,7484.7417
112,426800,113,5,2015-07-31,735,1,1,0,0,8505.078000000001
113,319229,114,5,2015-07-31,620,1,1,0,1,6440.848000000001
114,603871,115,5,2015-07-31,674,1,1,0,0,10526.983999999999
115,96693,116,5,2015-07-31,770,1,1,0,1,8583.123
116,159498,117,5,2015-07-31,507,1,1,0,1,4592.1816
117,930086,118,5,2015-07-31,797,1,1,0,1,10707.013
118,938761,119,5,2015-07-31,684,1,1,0,1,6982.0103
119,768828,120,5,2015-07-31,794,1,1,0,1,10397.614
120,465084,121,5,2015-07-31,549,1,1,0,1,5764.763000000001
121,739991,122,5,2015-07-31,1327,1,1,0,1,12525.673999999999
122,297524,123,5,2015-07-31,1108,1,1,0,1,10856.353000000001
123,338144,124,5,2015-07-31,780,1,1,0,1,7809.866
124,947660,125,5,2015-07-31,2041,1,1,0,1,17204.707
125,560974,126,5,2015-07-31,734,1,1,0,1,10041.08
126,777183,127,5,2015-07-31,848,1,1,0,0,8033.859
127,106038,128,5,2015-07-31,694,1,1,0,1,9740.605
128,716753,129,5,2015-07-31,1286,1,1,0,0,11362.367
129,705737,130,5,2015-07-31,545,1,1,0,1,5729.2744
130,619163,131,5,2015-07-31,524,1,1,0,1,5605.134
131,249318,132,5,2015-07-31,743,1,1,0,0,9674.23
132,429290,133,5,2015-07-31,876,1,1,0,1,9015.483
133,441255,134,5,2015-07-31,501,1,1,0,1,5323.3135
134,769769,135,5,2015-07-31,619,1,1,0,1,7961.5444
135,765174,136,5,2015-07-31,619,1,1,0,0,9639.773000000001
136,901897,137,5,2015-07-31,1121,1,1,0,0,11316.921
137,1007374,138,5,2015-07-31,866,1,1,0,1,10301.146
138,259231,139,5,2015-07-31,564,1,1,0,0,8165.1387
139,533688,140,5,2015-07-31,1085,1,1,0,1,9615.815
140,346936,141,5,2015-07-31,813,1,1,0,1,8586.529
141,707002,142,5,2015-07-31,614,1,1,0,1,5758.344
142,673103,143,5,2015-07-31,720,1,1,0,1,9168.833
143,107675,144,5,2015-07-31,817,1,1,0,0,9533.836
144,464562,145,5,2015-07-31,1343,1,1,0,0,10364.277
145,943485,146,5,2015-07-31,784,1,1,0,1,10603.163
146,858750,147,5,2015-07-31,1007,1,1,0,1,11032.833
147,812746,148,5,2015-07-31,848,1,1,0,1,10164.279
148,589554,149,5,2015-07-31,615,1,1,0,0,8086.0264
149,371569,150,5,2015-07-31,975,1,1,0,1,11402.165
150,963052,151,5,2015-07-31,853,1,1,0,1,10500.642
151,611909,152,5,2015-07-31,694,1,1,0,1,7227.205
152,434050,153,5,2015-07-31,638,1,1,0,1,7888.9854
153,978489,154,5,2015-07-31,792,1,1,0,1,10593.883999999998
154,264855,155,5,2015-07-31,765,1,1,0,0,8915.716999999999
155,97503,156,5,2015-07-31,821,1,1,0,1,8999.581
156,808037,157,5,2015-07-31,1060,1,1,0,1,12281.921999999999
157,362229,158,5,2015-07-31,636,1,1,0,1,11524.726999999999
158,857340,159,5,2015-07-31,812,1,1,0,0,10285.135
159,14489,160,5,2015-07-31,670,1,1,0,1,7869.236
160,464758,161,5,2015-07-31,924,1,1,0,1,9557.426
161,324649,162,5,2015-07-31,658,1,1,0,1,10254.085
162,947849,163,5,2015-07-31,823,1,1,0,1,7455.9414
163,361717,164,5,2015-07-31,792,1,1,0,0,9268.610999999999
164,663746,165,5,2015-07-31,501,1,1,0,0,5500.656
165,82575,166,5,2015-07-31,898,1,1,0,1,7036.6514
166,374521,167,5,2015-07-31,1352,1,1,0,1,13029.003
167,846198,168,5,2015-07-31,957,1,1,0,1,11171.778999999999
168,384193,169,5,2015-07-31,657,1,1,0,1,7905.353
169,218398,170,5,2015-07-31,589,1,1,0,1,6133.7144
170,796248,171,5,2015-07-31,848,1,1,0,1,9455.964
171,787249,172,5,2015-07-31,891,1,1,0,0,8151.536999999999
172,250864,173,5,2015-07-31,1145,1,1,0,1,10695.132
173,645288,174,5,2015-07-31,544,1,1,0,0,7833.2017
174,654987,175,5,2015-07-31,754,1,1,0,1,7283.6255
175,573253,176,5,2015-07-31,734,1,1,0,1,7248.357
176,117120,177,5,2015-07-31,525,1,1,0,1,4858.433
177,626874,178,5,2015-07-31,1070,1,1,0,1,13805.201000000001
178,586838,179,5,2015-07-31,1183,1,1,0,1,10417.06
179,1000997,180,5,2015-07-31,910,1,1,0,1,8985.54
180,454724,181,5,2015-07-31,801,1,1,0,0,8968.116
181,457707,182,5,2015-07-31,491,1,1,0,1,7126.4165
182,596626,183,5,2015-07-31,714,1,1,0,0,7327.3286
183,296201,184,5,2015-07-31,652,1,1,0,1,8369.931
184,857529,185,5,2015-07-31,602,1,1,0,1,8724.567
185,517262,186,5,2015-07-31,447,1,1,0,0,5425.4580000000005
186,440692,187,5,2015-07-31,907,1,1,0,1,8257.46
187,477285,188,5,2015-07-31,746,1,1,0,1,10724.284
188,807203,189,5,2015-07-31,940,1,1,0,1,11044.413999999999
189,945611,190,5,2015-07-31,821,1,1,0,0,10510.441
190,270697,191,5,2015-07-31,801,1,1,0,0,8831.952
191,762007,192,5,2015-07-31,1027,1,1,0,0,16710.242
192,298397,193,5,2015-07-31,813,1,1,0,1,6468.3247
193,276156,194,5,2015-07-31,518,1,1,0,1,7086.1616
194,108641,195,5,2015-07-31,1403,1,1,0,1,13692.85
195,67970,196,5,2015-07-31,780,1,1,0,1,6785.1269999999995
196,647059,197,5,2015-07-31,1054,1,1,0,1,9978.442
197,673878,198,5,2015-07-31,473,1,1,0,1,4706.8
198,420525,199,5,2015-07-31,756,1,1,0,1,10950.925
199,754005,200,5,2015-07-31,1122,1,1,0,1,10488.761
200,429524,201,5,2015-07-31,544,1,1,0,1,7702.8706
201,800468,202,5,2015-07-31,627,1,1,0,1,8583.836
202,196081,203,5,2015-07-31,960,1,1,0,1,8412.901
203,1014844,204,5,2015-07-31,655,1,1,0,0,8147.6816
204,632621,205,5,2015-07-31,969,1,1,0,1,8163.2390000000005
205,146584,206,5,2015-07-31,1004,1,1,0,1,10668.277
206,191179,207,5,2015-07-31,1436,1,1,0,1,13782.626
207,102967,208,5,2015-07-31,508,1,1,0,1,4127.523
208,403689,209,5,2015-07-31,830,1,1,0,1,9702.127
209,736466,210,5,2015-07-31,409,1,1,0,1,4659.346
210,442419,211,5,2015-07-31,1659,1,1,0,1,16679.225
211,979556,212,5,2015-07-31,471,1,1,0,1,5835.7390000000005
212,753268,213,5,2015-07-31,754,1,1,0,1,10505.751
213,889868,214,5,2015-07-31,805,1,1,0,1,11980.133999999998
214,13092,215,5,2015-07-31,705,1,1,0,0,10933.131000000001
215,337833,216,5,2015-07-31,1077,1,1,0,1,10462.893
216,576842,217,5,2015-07-31,759,1,1,0,1,6571.2734
217,285792,218,5,2015-07-31,768,1,1,0,0,6222.726
218,23263,219,5,2015-07-31,433,1,1,0,1,3923.5809999999997
219,534485,220,5,2015-07-31,687,1,1,0,1,6270.2354
220,118779,221,5,2015-07-31,651,1,1,0,1,7810.2983
221,466207,222,5,2015-07-31,627,1,1,0,1,6175.936
222,398959,223,5,2015-07-31,898,1,1,0,1,10323.788
223,845162,224,5,2015-07-31,594,1,1,0,1,9647.867
224,670308,225,5,2015-07-31,682,1,1,0,1,7471.1187
225,568387,226,5,2015-07-31,730,1,1,0,1,8282.18
226,64332,227,5,2015-07-31,595,1,1,0,1,7638.495
227,65706,228,5,2015-07-31,689,1,1,0,1,10908.228000000001
228,711426,229,5,2015-07-31,937,1,1,0,1,12777.15
229,804263,230,5,2015-07-31,1091,1,1,0,1,10247.603000000001
230,909408,231,5,2015-07-31,614,1,1,0,0,8942.8
231,309227,232,5,2015-07-31,469,1,1,0,1,6140.423000000001
232,80854,233,5,2015-07-31,1148,1,1,0,1,12071.673
233,508623,234,5,2015-07-31,1088,1,1,0,1,13340.545
234,306162,235,5,2015-07-31,548,1,1,0,1,7459.37
235,491399,236,5,2015-07-31,1086,1,1,0,1,10022.565
236,105483,237,5,2015-07-31,564,1,1,0,1,5231.1235
237,495741,238,5,2015-07-31,1372,1,1,0,1,10756.809
238,46037,239,5,2015-07-31,523,1,1,0,1,6683.4614
239,898587,240,5,2015-07-31,474,1,1,0,1,5788.445
240,524487,241,5,2015-07-31,763,1,1,0,1,8278.239
241,258967,242,5,2015-07-31,451,1,1,0,1,6078.629
242,391717,243,5,2015-07-31,1249,1,1,0,0,10966.288999999999
243,262966,244,5,2015-07-31,635,1,1,0,1,7587.9478
244,753825,245,5,2015-07-31,1139,1,1,0,1,10997.774
245,729222,246,5,2015-07-31,1131,1,1,0,1,9756.998
246,190860,247,5,2015-07-31,839,1,1,0,1,12043.245
247,899236,248,5,2015-07-31,1228,1,1,0,1,10735.306999999999
248,169180,249,5,2015-07-31,630,1,1,0,1,7335.5869999999995
249,736390,250,5,2015-07-31,887,1,1,0,1,13136.296999999999
250,678464,251,5,2015-07-31,2508,1,1,0,1,21631.202999999998
251,860295,252,5,2015-07-31,954,1,1,0,1,14008.528
252,617262,253,5,2015-07-31,906,1,1,0,1,8902.096
253,259202,254,5,2015-07-31,315,1,1,0,1,4315.85
254,337050,255,5,2015-07-31,739,1,1,0,1,8894.898000000001
255,89030,256,5,2015-07-31,1185,1,1,0,1,10611.935
256,487986,257,5,2015-07-31,749,1,1,0,1,7436.4175
257,59391,258,5,2015-07-31,601,1,1,0,0,8112.655
258,804555,259,5,2015-07-31,2628,1,1,0,1,13164.266000000001
259,181523,260,5,2015-07-31,835,1,1,0,1,6765.9976
260,358270,261,5,2015-07-31,989,1,1,0,1,14843.87
261,248175,262,5,2015-07-31,3669,1,1,0,1,24313.202999999998
262,911528,263,5,2015-07-31,440,1,1,0,0,5584.8115
263,556795,264,5,2015-07-31,992,1,1,0,1,8334.004
264,9291,265,5,2015-07-31,655,1,1,0,1,7416.754
265,967750,266,5,2015-07-31,495,1,1,0,1,4775.021
266,52961,267,5,2015-07-31,1217,1,1,0,1,11569.053999999998
267,132041,268,5,2015-07-31,740,1,1,0,1,7138.0425
268,729366,269,5,2015-07-31,1304,1,1,0,1,11001.403999999999
269,622800,270,5,2015-07-31,1338,1,1,0,1,11450.181
270,888144,271,5,2015-07-31,934,1,1,0,1,10988.684
271,244711,272,5,2015-07-31,774,1,1,0,1,8878.837
272,566828,273,5,2015-07-31,792,1,1,0,1,9237.476
273,378153,274,5,2015-07-31,1374,1,1,0,1,6248.0444
274,718658,275,5,2015-07-31,774,1,1,0,0,8607.241
275,987043,276,5,2015-07-31,575,1,1,0,1,4985.346
276,831191,277,5,2015-07-31,724,1,1,0,0,10432.421
277,321268,278,5,2015-07-31,929,1,1,0,1,9497.306999999999
278,304817,279,5,2015-07-31,814,1,1,0,0,12329.231000000002
279,961994,280,5,2015-07-31,579,1,1,0,1,7868.688
280,768411,281,5,2015-07-31,633,1,1,0,1,7858.1953
281,804835,282,5,2015-07-31,608,1,1,0,1,4652.0234
282,177118,283,5,2015-07-31,839,1,1,0,0,9771.442
283,453170,284,5,2015-07-31,520,1,1,0,0,7307.535
284,143873,285,5,2015-07-31,540,1,1,0,1,6991.4
285,711030,286,5,2015-07-31,438,1,1,0,1,5351.241999999999
286,65897,287,5,2015-07-31,865,1,1,0,0,9823.885
287,741781,288,5,2015-07-31,480,1,1,0,0,7141.161
288,252037,289,5,2015-07-31,616,1,1,0,1,7784.6990000000005
289,192390,290,5,2015-07-31,719,1,1,0,1,8697.556999999999
290,564137,291,5,2015-07-31,973,1,1,0,1,10305.893
291,415428,292,5,2015-07-31,0,0,1,0,1,0.0
292,658386,293,5,2015-07-31,878,1,1,0,1,7751.698
293,770186,294,5,2015-07-31,889,1,1,0,1,7511.0234
294,235712,295,5,2015-07-31,834,1,1,0,1,7476.0728
295,161643,296,5,2015-07-31,801,1,1,0,1,8417.982
296,822788,297,5,2015-07-31,802,1,1,0,1,8986.963
297,308335,298,5,2015-07-31,803,1,1,0,0,11080.91
298,755944,299,5,2015-07-31,1015,1,1,0,1,10497.697
299,672075,300,5,2015-07-31,1082,1,1,0,1,10104.997
300,613775,301,5,2015-07-31,629,1,1,0,1,6527.5073
301,479542,302,5,2015-07-31,393,1,1,0,1,5253.0740000000005
302,625803,303,5,2015-07-31,849,1,1,0,1,9423.885
303,355332,304,5,2015-07-31,1183,1,1,0,1,8697.889000000001
304,903574,305,5,2015-07-31,599,1,1,0,1,7522.8105
305,607869,306,5,2015-07-31,593,1,1,0,0,6422.4565
306,934662,307,5,2015-07-31,377,1,1,0,1,3702.4993
307,869179,308,5,2015-07-31,1026,1,1,0,1,11909.001
308,985319,309,5,2015-07-31,707,1,1,0,1,9871.392
309,577452,310,5,2015-07-31,926,1,1,0,1,12387.044
310,725065,311,5,2015-07-31,826,1,1,0,1,7832.3496
311,527499,312,5,2015-07-31,651,1,1,0,1,7841.9854
312,4882,313,5,2015-07-31,926,1,1,0,1,10897.683
313,616116,314,5,2015-07-31,700,1,1,0,1,7491.6626
314,971875,315,5,2015-07-31,553,1,1,0,1,6014.5933
315,214208,316,5,2015-07-31,927,1,1,0,1,11732.732
316,627511,317,5,2015-07-31,683,1,1,0,0,7584.634
317,815168,318,5,2015-07-31,746,1,1,0,1,9889.758
318,135216,319,5,2015-07-31,1079,1,1,0,1,12293.078000000001
319,94175,320,5,2015-07-31,2316,1,1,0,1,18372.393
320,223546,321,5,2015-07-31,688,1,1,0,1,8180.5264
321,729127,322,5,2015-07-31,621,1,1,0,1,6568.472
322,11301,323,5,2015-07-31,716,1,1,0,1,10023.895
323,166838,324,5,2015-07-31,855,1,1,0,1,7742.8237
324,938716,325,5,2015-07-31,742,1,1,0,1,8611.199
325,598140,326,5,2015-07-31,544,1,1,0,1,7819.213000000001
326,536581,327,5,2015-07-31,1150,1,1,0,1,11532.983999999999
327,478618,328,5,2015-07-31,577,1,1,0,1,5924.9746
328,326671,329,5,2015-07-31,743,1,1,0,1,10038.705
329,59867,330,5,2015-07-31,489,1,1,0,1,5546.387
330,101559,331,5,2015-07-31,814,1,1,0,1,6935.3769999999995
331,292746,332,5,2015-07-31,520,1,1,0,1,4452.856
332,961605,333,5,2015-07-31,1399,1,1,0,1,12129.077
333,796049,334,5,2015-07-31,599,1,1,0,1,6973.3384
334,694223,335,5,2015-07-31,2592,1,1,0,1,15902.575
335,451632,336,5,2015-07-31,2049,1,1,0,1,16534.336
336,183381,337,5,2015-07-31,493,1,1,0,1,7318.1230000000005
337,366200,338,5,2015-07-31,657,1,1,0,1,8802.7705
338,730918,339,5,2015-07-31,840,1,1,0,1,7136.443
339,812598,340,5,2015-07-31,802,1,1,0,1,8423.91
340,907222,341,5,2015-07-31,851,1,1,0,1,7306.781999999999
341,821158,342,5,2015-07-31,987,1,1,0,0,15085.971000000001
342,522695,343,5,2015-07-31,802,1,1,0,1,9740.55
343,318832,344,5,2015-07-31,1434,1,1,0,1,12342.02
344,24817,345,5,2015-07-31,505,1,1,0,0,5239.693
345,755692,346,5,2015-07-31,734,1,1,0,1,9814.107
346,24225,347,5,2015-07-31,504,1,1,0,1,7188.121999999999
347,977687,348,5,2015-07-31,831,1,1,0,0,11217.22
348,172749,349,5,2015-07-31,873,1,1,0,1,9850.305
349,612526,350,5,2015-07-31,614,1,1,0,1,9303.134
350,896891,351,5,2015-07-31,652,1,1,0,1,9054.822
351,328317,352,5,2015-07-31,716,1,1,0,1,9109.629
352,416359,353,5,2015-07-31,1851,1,1,0,1,7781.6855
353,364282,354,5,2015-07-31,791,1,1,0,1,10787.528
354,698027,355,5,2015-07-31,1304,1,1,0,1,11694.624
355,656792,356,5,2015-07-31,602,1,1,0,1,9792.724
356,297118,357,5,2015-07-31,1218,1,1,0,1,10621.666000000001
357,806561,358,5,2015-07-31,1215,1,1,0,1,12842.44
358,282500,359,5,2015-07-31,653,1,1,0,1,8330.88
359,192887,360,5,2015-07-31,881,1,1,0,1,9206.541
360,207709,361,5,2015-07-31,812,1,1,0,1,9655.886
361,1012976,362,5,2015-07-31,1257,1,1,0,1,11198.641000000001
362,270884,363,5,2015-07-31,1061,1,1,0,1,8992.631
363,293709,364,5,2015-07-31,758,1,1,0,1,6970.6187
364,181915,365,5,2015-07-31,754,1,1,0,0,8599.190999999999
365,980294,366,5,2015-07-31,772,1,1,0,1,9362.399
366,797346,367,5,2015-07-31,646,1,1,0,1,7200.1577
367,94057,368,5,2015-07-31,1025,1,1,0,1,16654.777
368,431841,369,5,2015-07-31,646,1,1,0,1,8757.556999999999
369,522400,370,5,2015-07-31,714,1,1,0,1,10238.225
370,838149,371,5,2015-07-31,592,1,1,0,1,8656.646999999999
371,175453,372,5,2015-07-31,874,1,1,0,1,12001.336000000001
372,444199,373,5,2015-07-31,405,1,1,0,1,6572.0195
373,953744,374,5,2015-07-31,938,1,1,0,1,9246.087
374,834671,375,5,2015-07-31,1038,1,1,0,1,14437.037
375,936868,376,5,2015-07-31,1083,1,1,0,1,11204.773000000001
376,157127,377,5,2015-07-31,1400,1,1,0,1,13180.208
377,195962,378,5,2015-07-31,1267,1,1,0,1,9525.773000000001
378,746622,379,5,2015-07-31,574,1,1,0,1,5695.9272
379,860798,380,5,2015-07-31,1498,1,1,0,1,18038.889
380,655675,381,5,2015-07-31,977,1,1,0,1,10713.508999999998
381,1005899,382,5,2015-07-31,818,1,1,0,1,11585.252
382,347991,383,5,2015-07-31,2297,1,1,0,1,20111.633
383,818388,384,5,2015-07-31,1197,1,1,0,1,12393.271
384,767265,385,5,2015-07-31,740,1,1,0,0,9867.711
385,481507,386,5,2015-07-31,713,1,1,0,1,10053.537
386,4757,387,5,2015-07-31,1402,1,1,0,1,13166.501
387,125548,388,5,2015-07-31,1178,1,1,0,1,12810.34
388,308420,389,5,2015-07-31,1383,1,1,0,1,13021.611
389,351878,390,5,2015-07-31,1219,1,1,0,1,15407.542
390,990098,391,5,2015-07-31,925,1,1,0,1,9049.0205
391,608369,392,5,2015-07-31,748,1,1,0,1,8750.702
392,522723,393,5,2015-07-31,725,1,1,0,1,8709.427
393,580863,394,5,2015-07-31,760,1,1,0,1,10575.993999999999
394,306288,395,5,2015-07-31,587,1,1,0,1,5323.2627
395,992032,396,5,2015-07-31,1227,1,1,0,1,13403.101
396,867450,397,5,2015-07-31,955,1,1,0,1,8951.888
397,978200,398,5,2015-07-31,787,1,1,0,1,8421.958
398,300820,399,5,2015-07-31,668,1,1,0,0,7921.5054
399,262920,400,5,2015-07-31,1369,1,1,0,1,11129.505
400,552648,401,5,2015-07-31,733,1,1,0,1,9607.985999999999
401,97713,402,5,2015-07-31,668,1,1,0,1,7643.99
402,129214,403,5,2015-07-31,812,1,1,0,1,9536.9375
403,537855,404,5,2015-07-31,669,1,1,0,1,6655.896
404,320669,405,5,2015-07-31,530,1,1,0,1,5862.411999999999
405,859595,406,5,2015-07-31,710,1,1,0,1,10996.558
406,367187,407,5,2015-07-31,446,1,1,0,0,6476.170999999999
407,321680,408,5,2015-07-31,639,1,1,0,1,7875.715999999999
408,53814,409,5,2015-07-31,641,1,1,0,1,7687.7725
409,363849,410,5,2015-07-31,878,1,1,0,1,8433.275
410,682605,411,5,2015-07-31,882,1,1,0,1,12680.818000000001
411,144850,412,5,2015-07-31,755,1,1,0,0,12043.486
412,186434,413,5,2015-07-31,1110,1,1,0,0,10044.317
413,886430,414,5,2015-07-31,547,1,1,0,1,8308.067
414,916068,415,5,2015-07-31,583,1,1,0,1,7698.625
415,518710,416,5,2015-07-31,1425,1,1,0,1,12828.436000000002
416,870977,417,5,2015-07-31,835,1,1,0,1,8946.365
417,376557,418,5,2015-07-31,801,1,1,0,1,9075.858
418,974317,419,5,2015-07-31,1030,1,1,0,1,7334.034000000001
419,851500,420,5,2015-07-31,516,1,1,0,0,6854.0166
420,715999,421,5,2015-07-31,1288,1,1,0,1,14500.93
421,521470,422,5,2015-07-31,458,1,1,0,1,5332.059
422,495019,423,5,2015-07-31,2213,1,1,0,1,13072.593
423,738301,424,5,2015-07-31,930,1,1,0,1,9666.1875
424,359536,425,5,2015-07-31,560,1,1,0,1,5034.9614
425,303674,426,5,2015-07-31,667,1,1,0,1,6116.1294
426,693411,427,5,2015-07-31,880,1,1,0,0,10062.843
427,535592,428,5,2015-07-31,635,1,1,0,0,8819.52
428,209301,429,5,2015-07-31,523,1,1,0,0,7490.7764
429,224128,430,5,2015-07-31,868,1,1,0,0,12013.246000000001
430,554480,431,5,2015-07-31,1045,1,1,0,1,11761.784
431,2325,432,5,2015-07-31,1795,1,1,0,1,14109.832
432,870233,433,5,2015-07-31,904,1,1,0,1,8973.207
433,692563,434,5,2015-07-31,767,1,1,0,0,11388.708999999999
434,906789,435,5,2015-07-31,388,1,1,0,1,3854.6675
435,617746,436,5,2015-07-31,731,1,1,0,1,7836.624
436,54398,437,5,2015-07-31,847,1,1,0,1,9547.376
437,836194,438,5,2015-07-31,614,1,1,0,1,7303.013000000001
438,245075,439,5,2015-07-31,930,1,1,0,1,8731.019
439,251747,440,5,2015-07-31,839,1,1,0,1,9113.723
440,814500,441,5,2015-07-31,847,1,1,0,1,8621.497
441,878848,442,5,2015-07-31,637,1,1,0,1,7120.519
442,482088,443,5,2015-07-31,566,1,1,0,1,6888.7134
443,303019,444,5,2015-07-31,1573,1,1,0,1,15015.075
444,29412,445,5,2015-07-31,1627,1,1,0,1,11288.505
445,133148,446,5,2015-07-31,816,1,1,0,1,7746.754
446,61663,447,5,2015-07-31,614,1,1,0,1,6131.1055
447,258585,448,5,2015-07-31,786,1,1,0,1,10495.766000000001
448,22829,449,5,2015-07-31,1583,1,1,0,1,12837.271999999999
449,743377,450,5,2015-07-31,1096,1,1,0,1,10620.622
450,753831,451,5,2015-07-31,514,1,1,0,1,7360.0815
451,916762,452,5,2015-07-31,642,1,1,0,1,7956.694
452,684736,453,5,2015-07-31,1553,1,1,0,1,15316.133999999998
453,497953,454,5,2015-07-31,887,1,1,0,1,8227.97
454,267679,455,5,2015-07-31,566,1,1,0,1,10115.690999999999
455,949287,456,5,2015-07-31,935,1,1,0,1,7471.696
456,534539,457,5,2015-07-31,555,1,1,0,0,7373.27
457,756467,458,5,2015-07-31,779,1,1,0,1,9436.665
458,172910,459,5,2015-07-31,1450,1,1,0,1,12981.695
459,157591,460,5,2015-07-31,541,1,1,0,1,6580.7256
460,644325,461,5,2015-07-31,567,1,1,0,1,6664.021
461,128947,462,5,2015-07-31,637,1,1,0,1,5630.4043
462,1003869,463,5,2015-07-31,880,1,1,0,1,6264.2334
463,14952,464,5,2015-07-31,1271,1,1,0,1,11760.292
464,265973,465,5,2015-07-31,717,1,1,0,1,10518.805
465,37062,466,5,2015-07-31,914,1,1,0,1,11294.881000000001
466,68422,467,5,2015-07-31,1761,1,1,0,1,17006.607
467,855143,468,5,2015-07-31,804,1,1,0,1,8249.202
468,671536,469,5,2015-07-31,1868,1,1,0,1,16873.527
469,146475,470,5,2015-07-31,1835,1,1,0,1,15334.711000000001
470,518974,471,5,2015-07-31,703,1,1,0,0,10166.965
471,720099,472,5,2015-07-31,783,1,1,0,1,6865.7744
472,179495,473,5,2015-07-31,511,1,1,0,1,4332.679
473,921810,474,5,2015-07-31,825,1,1,0,1,9803.667
474,71312,475,5,2015-07-31,1024,1,1,0,1,7822.159000000001
475,989461,476,5,2015-07-31,748,1,1,0,1,8080.56
476,114214,477,5,2015-07-31,533,1,1,0,0,8607.216999999999
477,656445,478,5,2015-07-31,870,1,1,0,1,9747.91
478,693187,479,5,2015-07-31,1687,1,1,0,1,16069.385
479,124153,480,5,2015-07-31,720,1,1,0,1,6645.2837
480,844245,481,5,2015-07-31,651,1,1,0,1,8534.007
481,280806,482,5,2015-07-31,974,1,1,0,1,9879.274
482,62456,483,5,2015-07-31,712,1,1,0,1,6409.5684
483,407008,484,5,2015-07-31,878,1,1,0,1,10756.5625
484,829504,485,5,2015-07-31,554,1,1,0,0,7568.4033
485,135255,486,5,2015-07-31,661,1,1,0,1,6606.3916
486,368517,487,5,2015-07-31,828,1,1,0,1,10119.889000000001
487,403964,488,5,2015-07-31,401,1,1,0,1,4518.6167
488,906155,489,5,2015-07-31,748,1,1,0,1,9874.471
489,797134,490,5,2015-07-31,1129,1,1,0,0,9997.275
490,843008,491,5,2015-07-31,625,1,1,0,1,9321.52
491,227606,492,5,2015-07-31,1341,1,1,0,0,10234.339
492,935423,493,5,2015-07-31,933,1,1,0,1,11499.013
493,893778,494,5,2015-07-31,1202,1,1,0,1,9935.385
494,896153,495,5,2015-07-31,492,1,1,0,1,7326.9023
495,302680,496,5,2015-07-31,926,1,1,0,1,10274.379
496,527048,497,5,2015-07-31,1248,1,1,0,1,11615.323
497,136807,498,5,2015-07-31,903,1,1,0,0,8105.2837
498,436444,499,5,2015-07-31,922,1,1,0,1,7713.774
499,42597,500,5,2015-07-31,505,1,1,0,0,8067.1990000000005
500,919288,501,5,2015-07-31,684,1,1,0,0,7278.924
501,752825,502,5,2015-07-31,1820,1,1,0,1,14444.378
502,495734,503,5,2015-07-31,609,1,1,0,1,10023.493
503,316661,504,5,2015-07-31,1117,1,1,0,1,9055.046999999999
504,111217,505,5,2015-07-31,734,1,1,0,1,6898.121999999999
505,523946,506,5,2015-07-31,1039,1,1,0,1,10672.246000000001
506,288620,507,5,2015-07-31,726,1,1,0,1,10697.386999999999
507,4872,508,5,2015-07-31,970,1,1,0,1,12100.618
508,253885,509,5,2015-07-31,576,1,1,0,1,7928.2856
509,516495,510,5,2015-07-31,951,1,1,0,1,11065.702
510,521712,511,5,2015-07-31,846,1,1,0,1,6788.6875
511,354626,512,5,2015-07-31,1812,1,1,0,0,8011.477
512,533554,513,5,2015-07-31,2177,1,1,0,1,20870.986
513,531423,514,5,2015-07-31,707,1,1,0,0,8103.0576
514,215171,515,5,2015-07-31,871,1,1,0,1,12187.881000000001
515,885166,516,5,2015-07-31,833,1,1,0,1,7646.7609999999995
516,358427,517,5,2015-07-31,769,1,1,0,1,8014.8857
517,748215,518,5,2015-07-31,590,1,1,0,0,8191.2227
518,181312,519,5,2015-07-31,719,1,1,0,1,8550.953000000001
519,685259,520,5,2015-07-31,512,1,1,0,1,5640.0366
520,331925,521,5,2015-07-31,567,1,1,0,1,8009.666
521,93693,522,5,2015-07-31,797,1,1,0,0,11914.261
522,25167,523,5,2015-07-31,1625,1,1,0,1,15728.33
523,817902,524,5,2015-07-31,1049,1,1,0,1,11090.976
524,317598,525,5,2015-07-31,893,1,1,0,1,11708.921
525,541392,526,5,2015-07-31,1434,1,1,0,1,11837.354
526,434447,527,5,2015-07-31,1162,1,1,0,1,14630.038
527,76139,528,5,2015-07-31,1166,1,1,0,1,15339.802
528,663175,529,5,2015-07-31,913,1,1,0,1,11229.903999999999
529,105155,530,5,2015-07-31,1438,1,1,0,1,9147.302
530,522703,531,5,2015-07-31,584,1,1,0,1,5519.519
531,912853,532,5,2015-07-31,1236,1,1,0,1,12195.868999999999
532,22696,533,5,2015-07-31,1306,1,1,0,1,16563.945
533,81545,534,5,2015-07-31,723,1,1,0,0,11685.303999999998
534,741612,535,5,2015-07-31,947,1,1,0,1,9748.737
535,315970,536,5,2015-07-31,1209,1,1,0,1,13749.068000000001
536,139729,537,5,2015-07-31,743,1,1,0,1,8147.5337
537,420000,538,5,2015-07-31,567,1,1,0,1,4389.4834
538,643251,539,5,2015-07-31,1271,1,1,0,0,14077.128999999999
539,699411,540,5,2015-07-31,517,1,1,0,0,8930.091
540,934620,541,5,2015-07-31,971,1,1,0,1,8868.57
541,113959,542,5,2015-07-31,568,1,1,0,0,7736.4385
542,339916,543,5,2015-07-31,274,1,1,0,1,3483.9468
543,545719,544,5,2015-07-31,2050,1,1,0,1,18176.39
544,564936,545,5,2015-07-31,1191,1,1,0,1,14775.676000000001
545,367438,546,5,2015-07-31,1617,1,1,0,1,15156.16
546,175109,547,5,2015-07-31,510,1,1,0,0,7652.5615
547,761333,548,5,2015-07-31,381,1,1,0,1,5452.446
548,421808,549,5,2015-07-31,650,1,1,0,1,6319.9033
549,804228,550,5,2015-07-31,491,1,1,0,1,6936.204000000001
550,435152,551,5,2015-07-31,1278,1,1,0,1,9569.484
551,675006,552,5,2015-07-31,784,1,1,0,1,9861.99
552,778402,553,5,2015-07-31,785,1,1,0,1,10239.25
553,67763,554,5,2015-07-31,654,1,1,0,1,5771.1669999999995
554,755866,555,5,2015-07-31,504,1,1,0,0,6473.213000000001
555,566035,556,5,2015-07-31,898,1,1,0,1,8811.515
556,918630,557,5,2015-07-31,752,1,1,0,1,5693.8086
557,103158,558,5,2015-07-31,528,1,1,0,1,4497.7734
558,542325,559,5,2015-07-31,1053,1,1,0,1,9482.3
559,336951,560,5,2015-07-31,1922,1,1,0,1,17990.627
560,96213,561,5,2015-07-31,807,1,1,0,1,9593.408000000001
561,878189,562,5,2015-07-31,3255,1,1,0,1,19627.334
562,635926,563,5,2015-07-31,672,1,1,0,1,6200.23
563,185988,564,5,2015-07-31,540,1,1,0,1,7399.4146
564,590716,565,5,2015-07-31,906,1,1,0,1,9011.245
565,488178,566,5,2015-07-31,690,1,1,0,1,7607.9490000000005
566,400178,567,5,2015-07-31,854,1,1,0,1,8286.818000000001
567,572940,568,5,2015-07-31,472,1,1,0,1,6600.257
568,527828,569,5,2015-07-31,620,1,1,0,1,4717.9385
569,788402,570,5,2015-07-31,804,1,1,0,1,6272.269
570,283865,571,5,2015-07-31,677,1,1,0,0,10641.388
571,916804,572,5,2015-07-31,657,1,1,0,1,9266.26
572,64780,573,5,2015-07-31,391,1,1,0,0,5423.491999999999
573,465480,574,5,2015-07-31,720,1,1,0,1,11110.711000000001
574,293354,575,5,2015-07-31,650,1,1,0,0,8494.482
575,330648,576,5,2015-07-31,1072,1,1,0,1,8667.198
576,285054,577,5,2015-07-31,679,1,1,0,1,7154.3535
577,241833,578,5,2015-07-31,1225,1,1,0,1,14583.438
578,52762,579,5,2015-07-31,991,1,1,0,1,10310.622
579,417959,580,5,2015-07-31,1665,1,1,0,1,11747.445
580,614447,581,5,2015-07-31,645,1,1,0,1,6543.5596
581,346417,582,5,2015-07-31,893,1,1,0,1,7972.4795
582,631779,583,5,2015-07-31,530,1,1,0,1,6090.6426
583,251346,584,5,2015-07-31,505,1,1,0,1,6518.7036
584,985650,585,5,2015-07-31,972,1,1,0,1,7051.103
585,529108,586,5,2015-07-31,2501,1,1,0,1,17373.041
586,953786,587,5,2015-07-31,788,1,1,0,0,12919.431
587,213912,588,5,2015-07-31,823,1,1,0,1,8890.718
588,370841,589,5,2015-07-31,681,1,1,0,1,7465.0215
589,354063,590,5,2015-07-31,494,1,1,0,1,7328.7827
590,474685,591,5,2015-07-31,641,1,1,0,1,8572.3
591,14081,592,5,2015-07-31,585,1,1,0,1,5317.203
592,113610,593,5,2015-07-31,1375,1,1,0,1,11871.532
593,109038,594,5,2015-07-31,539,1,1,0,1,5578.7793
594,308102,595,5,2015-07-31,1899,1,1,0,1,17925.682
595,217420,596,5,2015-07-31,882,1,1,0,1,6441.174
596,666721,597,5,2015-07-31,873,1,1,0,1,6953.148
597,105442,598,5,2015-07-31,763,1,1,0,0,7048.736
598,172860,599,5,2015-07-31,960,1,1,0,1,12391.628999999999
599,171014,600,5,2015-07-31,898,1,1,0,1,12446.435
600,638608,601,5,2015-07-31,441,1,1,0,1,6593.1655
601,91822,602,5,2015-07-31,635,1,1,0,1,7789.1406
602,572249,603,5,2015-07-31,1161,1,1,0,1,9809.728000000001
603,647292,604,5,2015-07-31,614,1,1,0,0,9440.348
604,89571,605,5,2015-07-31,662,1,1,0,1,10781.687
605,643356,606,5,2015-07-31,663,1,1,0,1,7135.1630000000005
606,429702,607,5,2015-07-31,637,1,1,0,1,6785.9746
607,97682,608,5,2015-07-31,1126,1,1,0,1,12597.017
608,15699,609,5,2015-07-31,588,1,1,0,1,6182.1655
609,916226,610,5,2015-07-31,523,1,1,0,1,4968.616
610,322796,611,5,2015-07-31,531,1,1,0,0,7323.793000000001
611,863858,612,5,2015-07-31,493,1,1,0,0,9114.609
612,990577,613,5,2015-07-31,954,1,1,0,1,7329.293000000001
613,84745,614,5,2015-07-31,1069,1,1,0,1,8386.511999999999
614,697780,615,5,2015-07-31,1225,1,1,0,1,10695.407
615,381012,616,5,2015-07-31,957,1,1,0,1,11188.35
616,527786,617,5,2015-07-31,732,1,1,0,1,9740.447
617,740615,618,5,2015-07-31,618,1,1,0,1,9388.546
618,747271,619,5,2015-07-31,614,1,1,0,0,7686.2256
619,818618,620,5,2015-07-31,937,1,1,0,0,11975.152
620,87851,621,5,2015-07-31,870,1,1,0,1,7229.549
621,183747,622,5,2015-07-31,540,1,1,0,1,6343.7837
622,544038,623,5,2015-07-31,1045,1,1,0,1,10027.241
623,970308,624,5,2015-07-31,746,1,1,0,1,8953.817
624,283059,625,5,2015-07-31,702,1,1,0,1,8504.697
625,635240,626,5,2015-07-31,974,1,1,0,1,12367.955
626,49849,627,5,2015-07-31,746,1,1,0,1,8661.578000000001
627,896099,628,5,2015-07-31,1091,1,1,0,1,10148.741
628,798170,629,5,2015-07-31,590,1,1,0,0,7908.717
629,519994,630,5,2015-07-31,801,1,1,0,1,7376.4985
630,335682,631,5,2015-07-31,765,1,1,0,1,7646.039000000001
631,77064,632,5,2015-07-31,1053,1,1,0,1,9191.143
632,423296,633,5,2015-07-31,530,1,1,0,0,7881.1714
633,372630,634,5,2015-07-31,775,1,1,0,1,9218.2705
634,565736,635,5,2015-07-31,791,1,1,0,1,9208.701
635,691750,636,5,2015-07-31,1027,1,1,0,0,10262.205
636,765563,637,5,2015-07-31,893,1,1,0,0,12813.163
637,18001,638,5,2015-07-31,624,1,1,0,0,8364.935
638,165992,639,5,2015-07-31,528,1,1,0,1,5903.853
639,932931,640,5,2015-07-31,936,1,1,0,1,13817.781
640,84076,641,5,2015-07-31,567,1,1,0,1,7396.641
641,198927,642,5,2015-07-31,420,1,1,0,1,3739.7173
642,781989,643,5,2015-07-31,1312,1,1,0,1,11936.167
643,622594,644,5,2015-07-31,1189,1,1,0,0,12396.251
644,236373,645,5,2015-07-31,1817,1,1,0,1,16965.459
645,479384,646,5,2015-07-31,817,1,1,0,0,6672.7919999999995
646,498061,647,5,2015-07-31,932,1,1,0,1,8967.724
647,522999,648,5,2015-07-31,620,1,1,0,1,8205.931999999999
648,280432,649,5,2015-07-31,486,1,1,0,1,5530.5015
649,967722,650,5,2015-07-31,743,1,1,0,0,8605.395
650,380483,651,5,2015-07-31,992,1,1,0,1,9201.221
651,407520,652,5,2015-07-31,884,1,1,0,1,9607.216999999999
652,556142,653,5,2015-07-31,605,1,1,0,1,8523.780999999999
653,487423,654,5,2015-07-31,770,1,1,0,1,8653.815999999999
654,790158,655,5,2015-07-31,861,1,1,0,1,11701.53
655,986674,656,5,2015-07-31,465,1,1,0,1,4707.0107
656,306176,657,5,2015-07-31,919,1,1,0,1,8870.355
657,933009,658,5,2015-07-31,669,1,1,0,1,7878.3833
658,913321,659,5,2015-07-31,690,1,1,0,1,6246.4
659,881764,660,5,2015-07-31,652,1,1,0,0,7137.4775
660,222471,661,5,2015-07-31,570,1,1,0,1,7877.8193
661,941263,662,5,2015-07-31,858,1,1,0,1,10493.003
662,70877,663,5,2015-07-31,949,1,1,0,1,8456.497
663,141731,664,5,2015-07-31,823,1,1,0,1,7963.161999999999
664,992628,665,5,2015-07-31,1365,1,1,0,1,9476.478000000001
665,485557,666,5,2015-07-31,778,1,1,0,1,9504.293
666,293552,667,5,2015-07-31,971,1,1,0,1,12151.226999999999
667,79985,668,5,2015-07-31,1278,1,1,0,1,11053.445
668,214983,669,5,2015-07-31,501,1,1,0,0,6737.1284
669,608124,670,5,2015-07-31,922,1,1,0,0,10379.284
670,629843,671,5,2015-07-31,818,1,1,0,0,10325.8955
671,255031,672,5,2015-07-31,1437,1,1,0,1,10422.436
672,528522,673,5,2015-07-31,810,1,1,0,1,11785.343
673,509491,674,5,2015-07-31,1387,1,1,0,1,13113.177
674,57216,675,5,2015-07-31,421,1,1,0,1,4745.1084
675,821099,676,5,2015-07-31,1943,1,1,0,1,9507.666
676,632161,677,5,2015-07-31,718,1,1,0,0,10490.031
677,476489,678,5,2015-07-31,1024,1,1,0,1,10890.035
678,855995,679,5,2015-07-31,1188,1,1,0,1,12676.537
679,828449,680,5,2015-07-31,887,1,1,0,1,6818.3823
680,485194,681,5,2015-07-31,564,1,1,0,1,4724.234
681,533597,682,5,2015-07-31,2013,1,1,0,1,14139.091
682,455039,683,5,2015-07-31,981,1,1,0,1,10905.855
683,373530,684,5,2015-07-31,790,1,1,0,0,11362.54
684,847495,685,5,2015-07-31,685,1,1,0,1,8351.207
685,411271,686,5,2015-07-31,824,1,1,0,1,7737.973000000001
686,48617,687,5,2015-07-31,818,1,1,0,1,11162.013
687,247957,688,5,2015-07-31,469,1,1,0,1,5580.009
688,962257,689,5,2015-07-31,785,1,1,0,1,8575.088
689,17617,690,5,2015-07-31,898,1,1,0,1,6830.7695
690,668483,691,5,2015-07-31,668,1,1,0,1,10262.686
691,546239,692,5,2015-07-31,801,1,1,0,1,7753.8135
692,174241,693,5,2015-07-31,571,1,1,0,1,8619.417
693,87933,694,5,2015-07-31,893,1,1,0,0,10719.907
694,969595,695,5,2015-07-31,565,1,1,0,1,7317.3345
695,34469,696,5,2015-07-31,1277,1,1,0,1,12377.3955
696,997362,697,5,2015-07-31,1150,1,1,0,1,14640.827
697,668748,698,5,2015-07-31,1974,1,1,0,1,18253.33
698,560107,699,5,2015-07-31,1219,1,1,0,1,12222.722
699,368683,700,5,2015-07-31,646,1,1,0,1,6152.793000000001
700,804222,701,5,2015-07-31,755,1,1,0,0,8237.07
701,403175,702,5,2015-07-31,488,1,1,0,0,7000.1143
702,457826,703,5,2015-07-31,358,1,1,0,1,3849.5083
703,164369,704,5,2015-07-31,1184,1,1,0,1,12990.303
704,180460,705,5,2015-07-31,1185,1,1,0,1,11696.653999999999
705,271086,706,5,2015-07-31,630,1,1,0,0,7982.135
706,957698,707,5,2015-07-31,1359,1,1,0,1,14500.113000000001
707,295570,708,5,2015-07-31,630,1,1,0,1,7482.6359999999995
708,979932,709,5,2015-07-31,1221,1,1,0,1,10336.311
709,547583,710,5,2015-07-31,489,1,1,0,0,7040.639
710,863892,711,5,2015-07-31,548,1,1,0,0,7966.923000000001
711,507804,712,5,2015-07-31,653,1,1,0,0,8082.2324
712,246770,713,5,2015-07-31,1306,1,1,0,1,11862.489
713,140749,714,5,2015-07-31,509,1,1,0,1,8544.863000000001
714,935622,715,5,2015-07-31,901,1,1,0,1,9942.815999999999
715,299585,716,5,2015-07-31,543,1,1,0,0,7911.7119999999995
716,501062,717,5,2015-07-31,674,1,1,0,1,8122.224
717,190155,718,5,2015-07-31,913,1,1,0,1,9407.71
718,408991,719,5,2015-07-31,568,1,1,0,0,7375.7390000000005
719,747592,720,5,2015-07-31,879,1,1,0,1,10571.194
720,77109,721,5,2015-07-31,823,1,1,0,1,9902.765
721,451619,722,5,2015-07-31,1396,1,1,0,1,8878.016
722,629026,723,5,2015-07-31,787,1,1,0,1,11451.523000000001
723,718248,724,5,2015-07-31,780,1,1,0,1,9235.757
724,212575,725,5,2015-07-31,642,1,1,0,1,7191.4756
725,436866,726,5,2015-07-31,1192,1,1,0,1,13621.795
726,73202,727,5,2015-07-31,524,1,1,0,1,5902.147
727,650097,728,5,2015-07-31,542,1,1,0,1,7438.0635
728,973157,729,5,2015-07-31,1279,1,1,0,1,14423.261
729,917929,730,5,2015-07-31,979,1,1,0,1,9626.644
730,522920,731,5,2015-07-31,943,1,1,0,1,10546.288999999999
731,472409,732,5,2015-07-31,1150,1,1,0,1,11850.694
732,581962,733,5,2015-07-31,3644,1,1,0,1,16311.765
733,672883,734,5,2015-07-31,582,1,1,0,1,7227.8047
734,702665,735,5,2015-07-31,594,1,1,0,1,7000.9224
735,874339,736,5,2015-07-31,541,1,1,0,0,6584.355
736,352452,737,5,2015-07-31,1232,1,1,0,1,10399.558
737,517828,738,5,2015-07-31,749,1,1,0,1,10562.537
738,306466,739,5,2015-07-31,928,1,1,0,0,13155.065
739,969609,740,5,2015-07-31,672,1,1,0,1,10545.636
740,270108,741,5,2015-07-31,1137,1,1,0,1,10759.764
741,727316,742,5,2015-07-31,1016,1,1,0,1,11374.152
742,534821,743,5,2015-07-31,501,1,1,0,1,5338.5225
743,56431,744,5,2015-07-31,943,1,1,0,0,9459.617
744,185646,745,5,2015-07-31,746,1,1,0,1,9118.583
745,359591,746,5,2015-07-31,638,1,1,0,1,8839.419
746,289641,747,5,2015-07-31,826,1,1,0,1,11058.971000000001
747,723953,748,5,2015-07-31,578,1,1,0,1,7910.4067
748,23556,749,5,2015-07-31,716,1,1,0,1,6845.6147
749,457779,750,5,2015-07-31,499,1,1,0,0,7098.7646
750,184882,751,5,2015-07-31,539,1,1,0,1,4428.9897
751,449567,752,5,2015-07-31,565,1,1,0,1,7721.5474
752,484121,753,5,2015-07-31,767,1,1,0,1,10090.927
753,883782,754,5,2015-07-31,927,1,1,0,1,8706.006
754,124038,755,5,2015-07-31,995,1,1,0,1,13430.855
755,911321,756,5,2015-07-31,2901,1,1,0,1,22763.9
756,818742,757,5,2015-07-31,684,1,1,0,1,9215.748
757,636202,758,5,2015-07-31,725,1,1,0,1,6641.057
758,899530,759,5,2015-07-31,1005,1,1,0,1,10644.9
759,830017,760,5,2015-07-31,1258,1,1,0,1,8685.238000000001
760,3864,761,5,2015-07-31,1203,1,1,0,1,11887.338
761,798619,762,5,2015-07-31,532,1,1,0,1,6408.2725
762,864753,763,5,2015-07-31,658,1,1,0,1,7994.7983
763,280087,764,5,2015-07-31,583,1,1,0,1,6188.059
764,465395,765,5,2015-07-31,873,1,1,0,1,11959.903
765,202290,766,5,2015-07-31,655,1,1,0,0,8597.576
766,507695,767,5,2015-07-31,831,1,1,0,1,9666.427
767,907175,768,5,2015-07-31,1713,1,1,0,1,18570.826
768,302613,769,5,2015-07-31,3630,1,1,0,1,13750.642
769,26947,770,5,2015-07-31,608,1,1,0,1,6214.611999999999
770,945105,771,5,2015-07-31,844,1,1,0,0,9301.306999999999
771,227632,772,5,2015-07-31,635,1,1,0,1,5444.1359999999995
772,871727,773,5,2015-07-31,856,1,1,0,1,6642.584
773,637336,774,5,2015-07-31,771,1,1,0,1,6841.972
774,335175,775,5,2015-07-31,687,1,1,0,0,11225.771
775,862975,776,5,2015-07-31,649,1,1,0,1,6890.678000000001
776,44484,777,5,2015-07-31,460,1,1,0,1,6548.7603
777,623575,778,5,2015-07-31,804,1,1,0,0,6766.526999999999
778,495180,779,5,2015-07-31,798,1,1,0,1,9189.504
779,216736,780,5,2015-07-31,837,1,1,0,1,7740.4683
780,197739,781,5,2015-07-31,674,1,1,0,1,5242.5674
781,612620,782,5,2015-07-31,630,1,1,0,1,7836.624
782,502189,783,5,2015-07-31,791,1,1,0,1,9388.483
783,253758,784,5,2015-07-31,921,1,1,0,1,9848.482
784,488655,785,5,2015-07-31,780,1,1,0,1,10977.56
785,57663,786,5,2015-07-31,503,1,1,0,1,3678.0896
786,587515,787,5,2015-07-31,1369,1,1,0,1,14137.526000000002
787,495353,788,5,2015-07-31,1727,1,1,0,1,21014.516
788,476945,789,5,2015-07-31,533,1,1,0,1,4688.1147
789,463924,790,5,2015-07-31,775,1,1,0,1,9835.369
790,979123,791,5,2015-07-31,1082,1,1,0,1,12158.333
791,774638,792,5,2015-07-31,855,1,1,0,1,11227.431
792,954895,793,5,2015-07-31,567,1,1,0,1,7166.3804
793,855706,794,5,2015-07-31,575,1,1,0,1,4043.514
794,915795,795,5,2015-07-31,518,1,1,0,1,6066.124
795,333921,796,5,2015-07-31,769,1,1,0,1,9869.903
796,638404,797,5,2015-07-31,523,1,1,0,0,6438.9253
797,745034,798,5,2015-07-31,997,1,1,0,1,9541.404
798,529667,799,5,2015-07-31,1017,1,1,0,1,13118.468
799,388099,800,5,2015-07-31,507,1,1,0,1,6158.9937
800,56392,801,5,2015-07-31,678,1,1,0,1,7972.585999999999
801,259271,802,5,2015-07-31,693,1,1,0,1,10840.377
802,416594,803,5,2015-07-31,454,1,1,0,1,6507.416
803,423884,804,5,2015-07-31,518,1,1,0,0,7055.395
804,28572,805,5,2015-07-31,569,1,1,0,0,7037.691999999999
805,801751,806,5,2015-07-31,711,1,1,0,0,11301.098
806,550054,807,5,2015-07-31,1070,1,1,0,1,12264.328000000001
807,985391,808,5,2015-07-31,786,1,1,0,1,11273.688999999998
808,190160,809,5,2015-07-31,844,1,1,0,1,11270.378
809,166994,810,5,2015-07-31,575,1,1,0,1,7831.9014
810,675810,811,5,2015-07-31,768,1,1,0,1,5113.1733
811,143489,812,5,2015-07-31,850,1,1,0,1,8120.5977
812,713708,813,5,2015-07-31,836,1,1,0,1,8678.82
813,418156,814,5,2015-07-31,884,1,1,0,1,11986.625
814,958811,815,5,2015-07-31,729,1,1,0,0,8873.799
815,512260,816,5,2015-07-31,861,1,1,0,1,6716.257
816,950515,817,5,2015-07-31,2884,1,1,0,1,22116.42
817,449339,818,5,2015-07-31,653,1,1,0,1,7088.284000000001
818,639833,819,5,2015-07-31,506,1,1,0,1,6755.956999999999
819,892192,820,5,2015-07-31,1197,1,1,0,0,15617.478000000001
820,375448,821,5,2015-07-31,1148,1,1,0,1,10650.141000000001
821,870403,822,5,2015-07-31,785,1,1,0,1,11612.632
822,139267,823,5,2015-07-31,650,1,1,0,1,7653.3647
823,561275,824,5,2015-07-31,1028,1,1,0,1,8922.931
824,75801,825,5,2015-07-31,596,1,1,0,0,5885.664000000001
825,632055,826,5,2015-07-31,891,1,1,0,1,12076.958999999999
826,580876,827,5,2015-07-31,1981,1,1,0,1,16913.76
827,995435,828,5,2015-07-31,748,1,1,0,1,7853.2725
828,524285,829,5,2015-07-31,909,1,1,0,1,7575.315
829,340939,830,5,2015-07-31,614,1,1,0,1,8488.667
830,89889,831,5,2015-07-31,1703,1,1,0,1,15521.951000000001
831,132855,832,5,2015-07-31,695,1,1,0,1,9768.19
832,747447,833,5,2015-07-31,554,1,1,0,1,7276.8066
833,845818,834,5,2015-07-31,780,1,1,0,1,8410.383
834,462231,835,5,2015-07-31,791,1,1,0,1,7889.9033
835,576417,836,5,2015-07-31,792,1,1,0,1,7567.5225
836,656971,837,5,2015-07-31,635,1,1,0,1,5576.4490000000005
837,771526,838,5,2015-07-31,877,1,1,0,1,10197.391
838,312497,839,5,2015-07-31,621,1,1,0,1,5222.05
839,1011442,840,5,2015-07-31,1063,1,1,0,1,8165.4580000000005
840,911462,841,5,2015-07-31,487,1,1,0,1,3759.092
841,488825,842,5,2015-07-31,1362,1,1,0,0,24214.207000000002
842,823356,843,5,2015-07-31,1191,1,1,0,1,11638.955
843,525647,844,5,2015-07-31,583,1,1,0,1,6468.454000000001
844,794857,845,5,2015-07-31,378,1,1,0,1,6076.4087
845,798322,846,5,2015-07-31,1070,1,1,0,1,13693.15
846,32844,847,5,2015-07-31,1170,1,1,0,1,9882.743
847,68203,848,5,2015-07-31,998,1,1,0,1,10253.929
848,624797,849,5,2015-07-31,1049,1,1,0,1,11430.017
849,441578,850,5,2015-07-31,748,1,1,0,1,9076.378
850,327652,851,5,2015-07-31,476,1,1,0,0,6595.342
851,277811,852,5,2015-07-31,643,1,1,0,1,5804.6997
852,486536,853,5,2015-07-31,1311,1,1,0,1,13355.007
853,214467,854,5,2015-07-31,567,1,1,0,1,6600.3765
854,771160,855,5,2015-07-31,918,1,1,0,1,10594.793
855,442817,856,5,2015-07-31,1073,1,1,0,1,9157.716999999999
856,135141,857,5,2015-07-31,990,1,1,0,1,9649.579
857,403295,858,5,2015-07-31,494,1,1,0,0,6530.621
858,385072,859,5,2015-07-31,861,1,1,0,0,10249.763
859,282833,860,5,2015-07-31,973,1,1,0,1,8847.77
860,57088,861,5,2015-07-31,655,1,1,0,1,5278.866999999999
861,828285,862,5,2015-07-31,1288,1,1,0,1,11315.885
862,82975,863,5,2015-07-31,1430,1,1,0,1,13487.708999999999
863,489983,864,5,2015-07-31,772,1,1,0,1,6622.0938
864,673273,865,5,2015-07-31,700,1,1,0,1,9568.051
865,1008189,866,5,2015-07-31,612,1,1,0,1,9753.806999999999
866,509662,867,5,2015-07-31,576,1,1,0,1,7069.7974
867,433199,868,5,2015-07-31,673,1,1,0,1,11657.052
868,799531,869,5,2015-07-31,984,1,1,0,1,7697.45
869,938428,870,5,2015-07-31,866,1,1,0,1,7676.2324
870,20906,871,5,2015-07-31,590,1,1,0,1,8829.661
871,603213,872,5,2015-07-31,794,1,1,0,1,9352.841
872,718780,873,5,2015-07-31,437,1,1,0,1,4221.931
873,31313,874,5,2015-07-31,615,1,1,0,1,6443.2197
874,157942,875,5,2015-07-31,511,1,1,0,1,6385.0815
875,93559,876,5,2015-07-31,0,0,1,0,1,0.0
876,1004412,877,5,2015-07-31,1011,1,1,0,1,8372.11
877,956999,878,5,2015-07-31,942,1,1,0,1,11706.71
878,125025,879,5,2015-07-31,466,1,1,0,0,6163.566
879,501617,880,5,2015-07-31,920,1,1,0,1,10282.644
880,709860,881,5,2015-07-31,844,1,1,0,1,6819.7285
881,51435,882,5,2015-07-31,871,1,1,0,1,7927.6577
882,498715,883,5,2015-07-31,581,1,1,0,1,6394.925
883,150289,884,5,2015-07-31,678,1,1,0,0,8063.722
884,886288,885,5,2015-07-31,813,1,1,0,1,7223.1665
885,750933,886,5,2015-07-31,642,1,1,0,1,7916.5957
886,961322,887,5,2015-07-31,634,1,1,0,1,8628.555
887,16685,888,5,2015-07-31,982,1,1,0,1,12297.194
888,909403,889,5,2015-07-31,605,1,1,0,1,6372.2437
889,819560,890,5,2015-07-31,609,1,1,0,0,9457.931
890,240302,891,5,2015-07-31,1343,1,1,0,1,11413.567
891,101318,892,5,2015-07-31,993,1,1,0,1,10936.093
892,685841,893,5,2015-07-31,884,1,1,0,0,7959.039000000001
893,707037,894,5,2015-07-31,1330,1,1,0,1,12161.836000000001
894,338897,895,5,2015-07-31,1012,1,1,0,1,12931.438
895,233697,896,5,2015-07-31,1237,1,1,0,1,9067.863000000001
896,846299,897,5,2015-07-31,464,1,1,0,1,5302.1562
897,807309,898,5,2015-07-31,906,1,1,0,1,9316.4
898,269424,899,5,2015-07-31,582,1,1,0,1,6244.166
899,758124,900,5,2015-07-31,635,1,1,0,0,7992.2744
900,769755,901,5,2015-07-31,682,1,1,0,1,8728.912
901,103078,902,5,2015-07-31,589,1,1,0,0,4899.6904
902,519980,903,5,2015-07-31,906,1,1,0,0,15505.75
903,803193,904,5,2015-07-31,606,1,1,0,0,8626.729
904,765177,905,5,2015-07-31,1123,1,1,0,1,8342.903
905,267434,906,5,2015-07-31,1482,1,1,0,1,14156.268
906,228612,907,5,2015-07-31,1048,1,1,0,1,9205.32
907,860139,908,5,2015-07-31,421,1,1,0,1,5568.1094
908,852353,909,5,2015-07-31,1301,1,1,0,0,17137.22
909,937180,910,5,2015-07-31,726,1,1,0,1,9097.403
910,938550,911,5,2015-07-31,1082,1,1,0,1,13616.002
911,413627,912,5,2015-07-31,806,1,1,0,1,7035.356
912,367298,913,5,2015-07-31,1334,1,1,0,1,11407.506000000001
913,1016764,914,5,2015-07-31,1178,1,1,0,1,11215.1875
914,983117,915,5,2015-07-31,642,1,1,0,0,9643.728000000001
915,358430,916,5,2015-07-31,747,1,1,0,1,6789.3477
916,471023,917,5,2015-07-31,898,1,1,0,1,9547.559000000001
917,722107,918,5,2015-07-31,632,1,1,0,1,6682.314
918,583063,919,5,2015-07-31,893,1,1,0,0,8603.827
919,169373,920,5,2015-07-31,693,1,1,0,0,8078.0864
920,489545,921,5,2015-07-31,993,1,1,0,1,10032.761
921,519346,922,5,2015-07-31,750,1,1,0,1,9195.466
922,974911,923,5,2015-07-31,604,1,1,0,1,5544.7207
923,174999,924,5,2015-07-31,427,1,1,0,1,5388.593000000001
924,385417,925,5,2015-07-31,1413,1,1,0,1,8450.168
925,676235,926,5,2015-07-31,696,1,1,0,1,10845.641000000001
926,154674,927,5,2015-07-31,1027,1,1,0,1,9008.16
927,757900,928,5,2015-07-31,890,1,1,0,1,12271.0205
928,231481,929,5,2015-07-31,853,1,1,0,1,8003.389
929,358189,930,5,2015-07-31,1263,1,1,0,1,8533.876
930,29688,931,5,2015-07-31,713,1,1,0,1,6816.1978
931,475051,932,5,2015-07-31,942,1,1,0,0,11104.778
932,744909,933,5,2015-07-31,1064,1,1,0,1,10295.538
933,194044,934,5,2015-07-31,807,1,1,0,1,9494.037
934,333135,935,5,2015-07-31,802,1,1,0,1,8953.391
935,648812,936,5,2015-07-31,854,1,1,0,1,7800.5605
936,247677,937,5,2015-07-31,647,1,1,0,1,9257.506
937,856242,938,5,2015-07-31,1139,1,1,0,1,12613.596000000001
938,883070,939,5,2015-07-31,658,1,1,0,1,7824.099
939,56370,940,5,2015-07-31,913,1,1,0,1,10666.09
940,730612,941,5,2015-07-31,637,1,1,0,0,6852.4478
941,951665,942,5,2015-07-31,598,1,1,0,1,8873.621
942,688897,943,5,2015-07-31,667,1,1,0,1,8928.618
943,140504,944,5,2015-07-31,1311,1,1,0,1,9045.948
944,207621,945,5,2015-07-31,569,1,1,0,1,5431.5425
945,980059,946,5,2015-07-31,618,1,1,0,1,5691.213000000001
946,827199,947,5,2015-07-31,1209,1,1,0,1,9987.315999999999
947,978655,948,5,2015-07-31,2120,1,1,0,1,8620.74
948,550524,949,5,2015-07-31,591,1,1,0,1,7279.4653
949,338087,950,5,2015-07-31,700,1,1,0,1,8195.099
950,671071,951,5,2015-07-31,847,1,1,0,1,10571.243999999999
951,690609,952,5,2015-07-31,595,1,1,0,0,8065.4756
952,239384,953,5,2015-07-31,642,1,1,0,1,7541.3955
953,523766,954,5,2015-07-31,989,1,1,0,1,8861.798
954,249565,955,5,2015-07-31,563,1,1,0,1,6896.3657
955,866807,956,5,2015-07-31,558,1,1,0,1,4743.0493
956,547381,957,5,2015-07-31,1008,1,1,0,1,10574.673
957,693114,958,5,2015-07-31,562,1,1,0,1,4822.737
958,603298,959,5,2015-07-31,960,1,1,0,1,10499.5
959,581616,960,5,2015-07-31,664,1,1,0,1,9342.213
960,7632,961,5,2015-07-31,811,1,1,0,1,9044.999
961,762324,962,5,2015-07-31,1119,1,1,0,1,9845.636999999999
962,110566,963,5,2015-07-31,1144,1,1,0,1,13765.351999999999
963,398950,964,5,2015-07-31,1560,1,1,0,1,11842.988000000001
964,379079,965,5,2015-07-31,1013,1,1,0,1,10856.704
965,600935,966,5,2015-07-31,661,1,1,0,1,6087.4946
966,913364,967,5,2015-07-31,952,1,1,0,1,10630.889
967,398589,968,5,2015-07-31,968,1,1,0,1,8995.341
968,308394,969,5,2015-07-31,804,1,1,0,1,5411.2607
969,681190,970,5,2015-07-31,327,1,1,0,1,3036.3325
970,771976,971,5,2015-07-31,1104,1,1,0,1,11070.389
971,329051,972,5,2015-07-31,471,1,1,0,1,4805.049
972,54991,973,5,2015-07-31,1043,1,1,0,1,10014.959
973,97159,974,5,2015-07-31,1713,1,1,0,0,14637.923999999999
974,845277,975,5,2015-07-31,802,1,1,0,1,9662.233
975,626537,976,5,2015-07-31,861,1,1,0,1,9842.2
976,239665,977,5,2015-07-31,567,1,1,0,0,6055.3135
977,673309,978,5,2015-07-31,1173,1,1,0,1,10350.221
978,246161,979,5,2015-07-31,709,1,1,0,1,8586.882
979,319503,980,5,2015-07-31,627,1,1,0,1,9605.421
980,145964,981,5,2015-07-31,951,1,1,0,1,10524.957
981,458052,982,5,2015-07-31,778,1,1,0,1,10309.885
982,553676,983,5,2015-07-31,1250,1,1,0,1,10592.196000000002
983,153955,984,5,2015-07-31,810,1,1,0,1,7822.353
984,136100,985,5,2015-07-31,881,1,1,0,1,11004.721000000001
985,371391,986,5,2015-07-31,813,1,1,0,1,7288.65
986,40230,987,5,2015-07-31,1098,1,1,0,1,9694.329
987,960549,988,5,2015-07-31,724,1,1,0,1,5322.8564
988,156696,989,5,2015-07-31,716,1,1,0,0,7772.354
989,416894,990,5,2015-07-31,735,1,1,0,1,9772.065999999999
990,481881,991,5,2015-07-31,545,1,1,0,1,7021.439
991,386033,992,5,2015-07-31,716,1,1,0,1,6971.762
992,813540,993,5,2015-07-31,894,1,1,0,1,10844.317
993,213222,994,5,2015-07-31,544,1,1,0,1,6652.475
994,131098,995,5,2015-07-31,867,1,1,0,1,11341.9795
995,419247,996,5,2015-07-31,830,1,1,0,1,9389.665
996,447490,997,5,2015-07-31,476,1,1,0,1,6999.4136
997,88358,998,5,2015-07-31,651,1,1,0,1,6305.904
998,393665,999,5,2015-07-31,749,1,1,0,1,11959.242
999,142310,1000,5,2015-07-31,749,1,1,0,0,9729.918
1000,547248,1001,5,2015-07-31,764,1,1,0,1,8273.234
1001,902050,1002,5,2015-07-31,835,1,1,0,1,8178.311
1002,551892,1003,5,2015-07-31,881,1,1,0,1,9799.516
1003,956541,1004,5,2015-07-31,626,1,1,0,0,8540.17
1004,853001,1005,5,2015-07-31,1043,1,1,0,1,7987.7705
1005,229883,1006,5,2015-07-31,1180,1,1,0,1,10581.079
1006,317834,1007,5,2015-07-31,1062,1,1,0,1,10797.915
1007,87262,1008,5,2015-07-31,847,1,1,0,1,7228.0806
1008,858858,1009,5,2015-07-31,517,1,1,0,0,6370.026
1009,458112,1010,5,2015-07-31,1116,1,1,0,1,14787.448
1010,662770,1011,5,2015-07-31,1021,1,1,0,1,10245.365
1011,554433,1012,5,2015-07-31,587,1,1,0,0,7948.6
1012,462288,1013,5,2015-07-31,532,1,1,0,1,5767.865
1013,996167,1014,5,2015-07-31,1595,1,1,0,1,17582.553
1014,651038,1015,5,2015-07-31,625,1,1,0,1,9125.83
1015,650329,1016,5,2015-07-31,606,1,1,0,1,7927.2573
1016,14238,1017,5,2015-07-31,937,1,1,0,1,7642.8965
1017,562896,1018,5,2015-07-31,1398,1,1,0,1,13756.438999999998
1018,208547,1019,5,2015-07-31,842,1,1,0,0,11328.292
1019,494976,1020,5,2015-07-31,1138,1,1,0,1,10915.396999999999
1020,118512,1021,5,2015-07-31,1178,1,1,0,1,11146.916000000001
1021,743890,1022,5,2015-07-31,886,1,1,0,1,9098.15
1022,53615,1023,5,2015-07-31,649,1,1,0,1,7429.973000000001
1023,429583,1024,5,2015-07-31,920,1,1,0,1,8315.004
1024,926565,1025,5,2015-07-31,985,1,1,0,1,9508.926
1025,900779,1026,5,2015-07-31,1433,1,1,0,1,13406.476
1026,194865,1027,5,2015-07-31,2065,1,1,0,0,19164.416
1027,235258,1028,5,2015-07-31,721,1,1,0,1,7994.0509999999995
1028,40122,1029,5,2015-07-31,753,1,1,0,1,5944.9404
1029,85676,1030,5,2015-07-31,414,1,1,0,1,5146.6284
1030,258859,1031,5,2015-07-31,480,1,1,0,1,6585.554
1031,202481,1032,5,2015-07-31,1166,1,1,0,1,12941.518999999998
1032,432319,1033,5,2015-07-31,1591,1,1,0,1,18988.014
1033,378647,1034,5,2015-07-31,766,1,1,0,1,7746.399
1034,310225,1035,5,2015-07-31,640,1,1,0,1,6153.8027
1035,936103,1036,5,2015-07-31,540,1,1,0,1,6812.194
1036,758873,1037,5,2015-07-31,971,1,1,0,1,8788.492
1037,490146,1038,5,2015-07-31,553,1,1,0,0,7141.0454
1038,169425,1039,5,2015-07-31,1063,1,1,0,1,10217.339
1039,67415,1040,5,2015-07-31,957,1,1,0,1,11181.618
1040,175363,1041,5,2015-07-31,661,1,1,0,0,7308.316
1041,183467,1042,5,2015-07-31,729,1,1,0,1,6887.1235
1042,812693,1043,5,2015-07-31,1331,1,1,0,1,10708.483
1043,351072,1044,5,2015-07-31,961,1,1,0,1,8050.0205
1044,982915,1045,5,2015-07-31,1385,1,1,0,1,12878.255
1045,912533,1046,5,2015-07-31,909,1,1,0,1,13218.491000000002
1046,821826,1047,5,2015-07-31,780,1,1,0,1,9152.119
1047,817328,1048,5,2015-07-31,668,1,1,0,1,9958.0205
1048,173366,1049,5,2015-07-31,726,1,1,0,0,5186.0913
1049,799964,1050,5,2015-07-31,617,1,1,0,1,10139.618
1050,314385,1051,5,2015-07-31,1214,1,1,0,1,10822.268
1051,611228,1052,5,2015-07-31,891,1,1,0,1,10682.002
1052,735181,1053,5,2015-07-31,1088,1,1,0,1,10649.9375
1053,797825,1054,5,2015-07-31,786,1,1,0,1,9579.610999999999
1054,150258,1055,5,2015-07-31,1129,1,1,0,1,10000.155
1055,105519,1056,5,2015-07-31,547,1,1,0,0,6876.6606
1056,584257,1057,5,2015-07-31,649,1,1,0,1,7584.1855
1057,14365,1058,5,2015-07-31,790,1,1,0,1,9724.556
1058,610722,1059,5,2015-07-31,1355,1,1,0,1,11173.367
1059,495698,1060,5,2015-07-31,1074,1,1,0,1,11288.946000000002
1060,499498,1061,5,2015-07-31,725,1,1,0,1,11410.693000000001
1061,606254,1062,5,2015-07-31,763,1,1,0,1,9957.07
1062,294835,1063,5,2015-07-31,560,1,1,0,1,5402.339
1063,778901,1064,5,2015-07-31,1229,1,1,0,1,12707.806
1064,770118,1065,5,2015-07-31,625,1,1,0,0,6619.094
1065,28610,1066,5,2015-07-31,1021,1,1,0,1,11439.418
1066,811666,1067,5,2015-07-31,580,1,1,0,0,7880.7505
1067,538997,1068,5,2015-07-31,357,1,1,0,1,5671.899
1068,523949,1069,5,2015-07-31,805,1,1,0,1,7530.118
1069,465054,1070,5,2015-07-31,995,1,1,0,1,9748.636
1070,912100,1071,5,2015-07-31,723,1,1,0,1,7046.2085
1071,172063,1072,5,2015-07-31,817,1,1,0,1,10530.037
1072,196252,1073,5,2015-07-31,1035,1,1,0,1,10999.705
1073,112013,1074,5,2015-07-31,681,1,1,0,1,8114.829000000001
1074,203094,1075,5,2015-07-31,1038,1,1,0,1,12907.891000000001
1075,762633,1076,5,2015-07-31,696,1,1,0,1,5536.915
1076,971000,1077,5,2015-07-31,552,1,1,0,1,5893.1577
1077,409770,1078,5,2015-07-31,646,1,1,0,1,9752.15
1078,118226,1079,5,2015-07-31,796,1,1,0,1,10981.392
1079,686515,1080,5,2015-07-31,983,1,1,0,0,13737.966
1080,482385,1081,5,2015-07-31,1062,1,1,0,1,7660.178000000001
1081,661109,1082,5,2015-07-31,1034,1,1,0,1,8043.934
1082,112278,1083,5,2015-07-31,444,1,1,0,1,7392.366999999999
1083,307477,1084,5,2015-07-31,986,1,1,0,1,8732.851
1084,342901,1085,5,2015-07-31,858,1,1,0,1,9719.455
1085,654545,1086,5,2015-07-31,890,1,1,0,1,8866.253
1086,413153,1087,5,2015-07-31,802,1,1,0,1,9776.97
1087,151251,1088,5,2015-07-31,552,1,1,0,1,6767.7725
1088,37330,1089,5,2015-07-31,1131,1,1,0,1,13681.101
1089,657532,1090,5,2015-07-31,856,1,1,0,1,8045.7754
1090,168161,1091,5,2015-07-31,812,1,1,0,1,10851.321000000002
1091,332410,1092,5,2015-07-31,1512,1,1,0,0,17996.463
1092,913540,1093,5,2015-07-31,1071,1,1,0,1,12156.396
1093,210313,1094,5,2015-07-31,425,1,1,0,0,6129.0767
1094,212516,1095,5,2015-07-31,696,1,1,0,1,5408.1597
1095,25686,1096,5,2015-07-31,816,1,1,0,1,8659.596
1096,652675,1097,5,2015-07-31,2451,1,1,0,1,10795.876
1097,251840,1098,5,2015-07-31,780,1,1,0,1,6754.7519999999995
1098,72179,1099,5,2015-07-31,1370,1,1,0,1,12498.692
1099,569382,1100,5,2015-07-31,819,1,1,0,1,8294.465
1100,54472,1101,5,2015-07-31,1111,1,1,0,1,13050.9795
1101,138473,1102,5,2015-07-31,704,1,1,0,0,8136.126
1102,720476,1103,5,2015-07-31,565,1,1,0,1,8503.221
1103,446674,1104,5,2015-07-31,472,1,1,0,0,6949.8857
1104,566898,1105,5,2015-07-31,765,1,1,0,1,8579.891
1105,124194,1106,5,2015-07-31,618,1,1,0,1,6468.6147
1106,977097,1107,5,2015-07-31,825,1,1,0,0,9002.834
1107,715308,1108,5,2015-07-31,645,1,1,0,1,7496.7593
1108,182018,1109,5,2015-07-31,515,1,1,0,0,6600.351
1109,873296,1110,5,2015-07-31,642,1,1,0,1,6348.59
1110,225022,1111,5,2015-07-31,422,1,1,0,1,5767.1333
1111,244217,1112,5,2015-07-31,767,1,1,0,1,10705.082
1112,729063,1113,5,2015-07-31,720,1,1,0,1,7858.8325
1113,321477,1114,5,2015-07-31,3745,1,1,0,1,25873.19
1114,447958,1115,5,2015-07-31,538,1,1,0,1,9067.37
